duration,max memory,init duration,lang
3033.7,101,700.45,csharp
112.31,102,,csharp
71.29,102,,csharp
2954.69,101,674.97,csharp
108.49,102,,csharp
67.94,102,,csharp
3087.32,102,716.91,csharp
130.78,102,,csharp
88.52,102,,csharp
3129.08,102,708.32,csharp
111.53,102,,csharp
47.58,103,,csharp
3019.75,101,714.11,csharp
109.72,102,,csharp
47.49,102,,csharp
2989.6,101,700.39,csharp
125.71,102,,csharp
50.15,102,,csharp
3001.04,101,679.92,csharp
110.59,101,,csharp
350.38,102,,csharp
3051.84,101,707.54,csharp
105.41,102,,csharp
84.65,102,,csharp
3111.92,101,741.52,csharp
108.28,102,,csharp
150.43,102,,csharp
3041.83,101,758.92,csharp
140.6,102,,csharp
73.43,102,,csharp
3066.39,101,701.44,csharp
128.65,102,,csharp
53.73,102,,csharp
3034.01,101,684.15,csharp
111.18,102,,csharp
149.36,102,,csharp
3042.15,101,695.93,csharp
125.68,102,,csharp
106.86,102,,csharp
2957.28,102,688.75,csharp
104.14,102,,csharp
169.82,102,,csharp
3048.35,101,699.99,csharp
111.65,102,,csharp
48.72,102,,csharp
3006.12,101,703.57,csharp
107.13,102,,csharp
49.56,102,,csharp
2952.81,101,680.9,csharp
124.39,102,,csharp
65.96,102,,csharp
3018.78,101,705.65,csharp
123.36,102,,csharp
50.68,102,,csharp
3090.47,101,700.22,csharp
114.46,101,,csharp
50.3,102,,csharp
2775.14,101,659.2,csharp
106.87,102,,csharp
50.24,102,,csharp
2874.69,101,671.08,csharp
121.26,101,,csharp
68.24,102,,csharp
2967.54,101,682.47,csharp
109.32,102,,csharp
210.39,102,,csharp
3075.94,101,693.54,csharp
144.28,102,,csharp
108.24,103,,csharp
3041.63,101,704.11,csharp
112.46,101,,csharp
50.14,102,,csharp
3021.89,101,676.0,csharp
106.83,102,,csharp
46.06,102,,csharp
3091.23,101,710.11,csharp
129.49,101,,csharp
109.49,102,,csharp
3043.58,101,710.31,csharp
119.38,102,,csharp
107.24,102,,csharp
2925.15,102,704.92,csharp
126.61,102,,csharp
105.35,103,,csharp
3027.88,101,712.85,csharp
128.2,101,,csharp
69.01,102,,csharp
2962.35,101,680.01,csharp
110.61,102,,csharp
49.08,102,,csharp
3069.74,101,712.93,csharp
110.49,102,,csharp
68.27,102,,csharp
2932.77,101,724.95,csharp
152.22,102,,csharp
171.41,102,,csharp
2990.03,101,747.68,csharp
149.82,102,,csharp
50.06,102,,csharp
3417.41,101,747.95,csharp
111.44,102,,csharp
68.65,102,,csharp
3139.26,101,717.63,csharp
108.53,102,,csharp
46.72,102,,csharp
3028.18,102,721.21,csharp
133.37,102,,csharp
49.3,103,,csharp
3096.8,101,720.53,csharp
135.23,102,,csharp
113.82,102,,csharp
2950.92,101,728.49,csharp
126.31,101,,csharp
51.11,102,,csharp
3052.11,101,705.82,csharp
130.73,102,,csharp
52.21,102,,csharp
2993.03,101,698.08,csharp
109.98,102,,csharp
148.09,102,,csharp
3099.12,101,694.92,csharp
129.37,102,,csharp
349.54,103,,csharp
3064.8,102,704.47,csharp
123.93,102,,csharp
68.15,102,,csharp
3053.66,101,735.25,csharp
118.36,102,,csharp
57.33,102,,csharp
3073.74,101,730.35,csharp
131.52,102,,csharp
48.58,102,,csharp
2948.56,101,683.11,csharp
161.39,102,,csharp
199.11,102,,csharp
3185.79,101,719.06,csharp
134.49,102,,csharp
88.81,102,,csharp
3082.98,101,710.44,csharp
111.37,102,,csharp
70.08,102,,csharp
3080.63,101,709.28,csharp
125.95,102,,csharp
50.44,102,,csharp
2958.11,101,684.01,csharp
106.28,102,,csharp
43.45,102,,csharp
2968.53,101,726.94,csharp
131.1,102,,csharp
89.22,102,,csharp
2873.7,102,703.73,csharp
132.95,102,,csharp
208.97,103,,csharp
2989.3,101,676.83,csharp
111.34,102,,csharp
66.05,102,,csharp
3016.24,102,705.55,csharp
131.78,102,,csharp
81.51,102,,csharp
3048.39,101,709.64,csharp
108.67,102,,csharp
64.91,102,,csharp
3010.91,102,705.66,csharp
104.73,102,,csharp
66.12,102,,csharp
3051.22,101,718.32,csharp
108.55,101,,csharp
74.7,102,,csharp
3006.46,102,687.29,csharp
119.6,102,,csharp
119.04,102,,csharp
3079.55,101,712.91,csharp
132.89,102,,csharp
477.45,103,,csharp
3210.02,101,699.13,csharp
115.65,102,,csharp
123.93,102,,csharp
2982.1,102,705.81,csharp
163.19,102,,csharp
221.69,103,,csharp
3046.81,101,711.7,csharp
137.26,102,,csharp
104.35,102,,csharp
3048.27,101,693.85,csharp
110.97,102,,csharp
51.19,102,,csharp
3053.41,101,726.77,csharp
111.44,101,,csharp
93.84,102,,csharp
2999.41,101,718.12,csharp
115.34,102,,csharp
100.92,102,,csharp
3094.42,101,707.74,csharp
131.36,102,,csharp
111.11,102,,csharp
3042.43,101,703.41,csharp
128.23,102,,csharp
52.13,102,,csharp
2985.66,101,708.55,csharp
130.33,102,,csharp
69.53,102,,csharp
3011.93,102,687.7,csharp
121.1,102,,csharp
44.53,103,,csharp
3011.48,101,742.51,csharp
129.61,102,,csharp
43.29,102,,csharp
3012.9,101,709.69,csharp
141.05,102,,csharp
67.36,102,,csharp
3071.72,101,741.16,csharp
152.26,102,,csharp
70.4,102,,csharp
3070.14,102,697.2,csharp
131.78,102,,csharp
129.51,103,,csharp
2976.4,101,690.63,csharp
108.38,102,,csharp
66.01,102,,csharp
3145.2,101,782.18,csharp
138.15,101,,csharp
70.72,102,,csharp
3006.1,101,691.87,csharp
141.82,102,,csharp
308.83,102,,csharp
3012.43,101,732.81,csharp
125.93,102,,csharp
224.13,102,,csharp
2987.92,102,691.89,csharp
106.65,102,,csharp
168.96,102,,csharp
3026.15,102,689.09,csharp
113.67,102,,csharp
64.49,102,,csharp
3028.81,102,685.41,csharp
109.99,102,,csharp
48.42,102,,csharp
2900.26,101,689.81,csharp
110.31,102,,csharp
72.69,102,,csharp
3209.67,101,706.93,csharp
112.83,102,,csharp
71.49,102,,csharp
3084.96,101,720.34,csharp
139.5,102,,csharp
245.8,102,,csharp
3081.46,102,715.2,csharp
105.18,102,,csharp
86.36,103,,csharp
2992.85,101,676.93,csharp
113.52,102,,csharp
49.13,102,,csharp
3024.53,101,705.44,csharp
107.36,102,,csharp
51.79,103,,csharp
3090.36,101,727.69,csharp
132.13,102,,csharp
69.77,102,,csharp
2995.38,101,733.88,csharp
130.02,102,,csharp
53.31,102,,csharp
3041.25,102,700.13,csharp
110.6,102,,csharp
51.82,102,,csharp
2973.32,101,680.98,csharp
92.4,102,,csharp
71.66,102,,csharp
3057.24,101,700.82,csharp
131.74,102,,csharp
72.05,102,,csharp
3002.01,101,740.73,csharp
137.03,102,,csharp
46.85,102,,csharp
3044.8,101,754.48,csharp
127.85,102,,csharp
247.14,103,,csharp
3083.11,101,694.65,csharp
112.14,102,,csharp
51.49,102,,csharp
3099.26,101,710.7,csharp
129.77,102,,csharp
109.12,102,,csharp
3071.69,101,718.24,csharp
144.27,102,,csharp
47.64,102,,csharp
3030.43,101,706.27,csharp
132.79,102,,csharp
129.28,102,,csharp
3072.03,101,693.6,csharp
110.39,102,,csharp
60.18,102,,csharp
2923.07,101,725.59,csharp
125.58,102,,csharp
50.33,102,,csharp
3001.44,101,736.27,csharp
108.02,102,,csharp
52.24,102,,csharp
3072.02,101,765.64,csharp
131.09,102,,csharp
60.56,102,,csharp
3085.95,101,724.8,csharp
110.66,102,,csharp
71.11,102,,csharp
3067.41,101,714.41,csharp
150.36,102,,csharp
89.76,102,,csharp
1284.68,53,111.0,go
27.33,53,,go
22.01,53,,go
1225.66,52,104.41,go
23.73,52,,go
21.84,52,,go
1278.32,51,114.11,go
21.13,52,,go
27.7,52,,go
1244.5,52,103.95,go
35.23,52,,go
24.16,52,,go
1256.8,52,97.74,go
28.4,53,,go
116.96,53,,go
1293.06,52,115.75,go
34.99,52,,go
29.89,52,,go
1277.24,53,97.52,go
25.3,53,,go
19.97,53,,go
1317.6,52,112.94,go
31.52,53,,go
25.62,53,,go
1318.32,52,113.35,go
53.57,52,,go
31.51,52,,go
1247.4,52,111.75,go
31.62,52,,go
22.13,52,,go
1306.53,51,107.84,go
28.7,51,,go
28.27,51,,go
1267.1,52,110.82,go
26.31,52,,go
88.26,52,,go
1384.98,53,109.64,go
28.28,53,,go
23.83,53,,go
57.85,53,,go
20.62,53,,go
26.96,53,,go
1243.58,53,100.21,go
29.39,53,,go
1322.36,52,96.05,go
26.89,52,,go
22.45,52,,go
1257.83,52,118.53,go
23.7,52,,go
59.27,52,,go
1213.96,52,116.41,go
31.1,52,,go
30.96,52,,go
1320.23,52,109.9,go
33.61,52,,go
28.62,52,,go
1209.87,51,133.46,go
30.99,52,,go
22.52,52,,go
1282.81,52,111.39,go
30.76,52,,go
73.23,52,,go
1269.39,53,114.22,go
23.58,53,,go
29.74,53,,go
1241.16,52,97.16,go
30.3,52,,go
74.44,52,,go
1260.71,52,121.62,go
23.55,52,,go
29.53,52,,go
1266.81,51,111.71,go
27.69,51,,go
26.88,51,,go
1299.22,52,111.92,go
31.82,52,,go
20.81,52,,go
1268.21,53,97.97,go
28.29,53,,go
31.47,53,,go
1256.63,51,116.91,go
31.26,52,,go
28.05,52,,go
1304.31,52,110.07,go
27.58,52,,go
26.58,52,,go
1330.04,52,100.24,go
40.67,52,,go
24.86,52,,go
1290.05,51,119.09,go
28.53,51,,go
21.79,51,,go
1246.88,51,115.69,go
32.1,51,,go
31.62,51,,go
1272.26,51,113.7,go
30.46,52,,go
24.01,52,,go
1310.81,53,111.47,go
43.97,53,,go
24.62,53,,go
1214.41,52,124.3,go
34.39,52,,go
23.03,52,,go
1311.5,52,111.2,go
62.97,53,,go
31.43,53,,go
1199.9,53,99.18,go
31.25,53,,go
27.57,53,,go
1476.74,52,113.26,go
31.4,53,,go
29.2,53,,go
25.85,53,,go
1296.85,52,117.03,go
50.95,52,,go
51.63,52,,go
1248.45,52,101.97,go
51.29,52,,go
31.56,52,,go
1287.62,52,101.93,go
22.56,52,,go
21.82,52,,go
1231.21,52,105.88,go
25.73,52,,go
31.36,52,,go
1273.56,52,115.24,go
26.41,52,,go
36.93,52,,go
1246.59,53,119.72,go
23.43,53,,go
33.86,53,,go
1329.39,52,107.62,go
67.29,52,,go
31.11,52,,go
1276.54,53,113.77,go
51.6,53,,go
28.0,54,,go
1280.12,52,113.98,go
26.81,52,,go
22.24,52,,go
1201.07,52,108.04,go
29.42,52,,go
54.73,52,,go
1184.74,52,113.26,go
23.28,52,,go
35.53,52,,go
1265.7,51,108.62,go
32.27,51,,go
21.57,51,,go
1249.18,52,116.92,go
30.57,52,,go
91.11,52,,go
1267.25,52,113.29,go
48.04,52,,go
29.65,52,,go
1240.5,52,95.28,go
34.08,52,,go
21.42,52,,go
1288.63,52,113.74,go
28.68,52,,go
30.86,53,,go
1234.26,51,100.35,go
28.76,51,,go
27.94,51,,go
1319.17,51,111.2,go
26.46,51,,go
29.16,51,,go
1287.16,52,110.6,go
20.11,53,,go
24.09,53,,go
1276.22,51,124.0,go
36.66,51,,go
26.76,51,,go
1129.02,52,105.37,go
29.98,52,,go
22.43,52,,go
1266.32,52,116.1,go
23.34,52,,go
19.29,52,,go
1298.01,52,112.17,go
29.4,52,,go
30.04,52,,go
1282.97,53,95.47,go
122.45,53,,go
24.18,53,,go
1253.33,52,112.75,go
24.81,52,,go
22.31,52,,go
1306.31,53,116.27,go
94.57,53,,go
29.49,53,,go
1310.61,50,107.72,go
30.45,51,,go
26.5,51,,go
1215.92,52,117.16,go
25.91,53,,go
22.16,53,,go
1231.77,52,102.83,go
25.55,52,,go
33.29,52,,go
1390.12,51,112.01,go
51.19,51,,go
24.39,51,,go
1346.98,52,107.6,go
32.71,52,,go
31.67,52,,go
1282.57,52,109.5,go
55.27,52,,go
28.76,52,,go
1207.88,52,113.56,go
47.56,53,,go
30.88,53,,go
1304.1,52,102.17,go
46.8,52,,go
35.88,52,,go
1213.1,52,110.57,go
21.32,52,,go
22.61,52,,go
1201.04,52,123.1,go
23.2,52,,go
20.63,52,,go
1239.45,51,150.09,go
47.25,52,,go
28.71,52,,go
1372.16,52,105.79,go
29.98,52,,go
43.48,52,,go
1261.53,52,108.76,go
41.26,52,,go
25.39,52,,go
1295.2,53,114.75,go
34.06,53,,go
32.08,53,,go
1328.57,51,109.55,go
39.91,51,,go
26.47,51,,go
1243.71,52,112.49,go
62.69,52,,go
22.21,52,,go
1339.8,53,114.46,go
48.65,53,,go
25.66,53,,go
1257.05,53,109.73,go
31.18,53,,go
28.16,53,,go
1277.15,52,109.24,go
32.27,52,,go
30.91,52,,go
1264.24,52,110.95,go
28.88,53,,go
22.74,53,,go
1360.38,51,110.15,go
33.79,51,,go
51.46,51,,go
1312.11,52,114.44,go
49.63,52,,go
32.37,52,,go
1240.24,52,109.76,go
31.69,52,,go
32.67,52,,go
1269.37,52,116.31,go
34.48,52,,go
31.16,52,,go
1193.61,52,104.69,go
29.15,52,,go
27.33,52,,go
1234.43,52,112.35,go
33.81,52,,go
19.43,52,,go
1216.23,52,113.82,go
27.67,52,,go
29.35,52,,go
1296.83,52,113.49,go
25.42,52,,go
25.09,52,,go
1268.61,52,113.25,go
22.88,52,,go
27.26,52,,go
1232.56,52,100.71,go
25.12,52,,go
24.96,52,,go
1288.64,53,110.91,go
30.37,53,,go
23.29,53,,go
1350.02,52,112.14,go
43.87,52,,go
22.15,52,,go
1231.54,52,110.71,go
52.77,52,,go
31.51,52,,go
1222.75,52,116.05,go
27.45,52,,go
26.05,52,,go
1333.35,52,112.85,go
31.52,52,,go
32.47,52,,go
1274.08,52,127.55,go
19.06,52,,go
23.7,52,,go
1353.96,52,116.12,go
23.27,52,,go
22.92,52,,go
23751.05,183,1744.18,java
552.01,183,,java
306.26,183,,java
22740.92,184,1725.71,java
686.47,184,,java
509.25,184,,java
23216.97,183,1784.83,java
637.89,184,,java
608.4,184,,java
22171.78,180,1745.65,java
772.53,181,,java
631.3,185,,java
25263.88,183,1778.6,java
1013.25,184,,java
632.42,185,,java
22848.57,181,1777.16,java
697.66,183,,java
633.77,183,,java
26359.11,183,1786.63,java
510.88,184,,java
307.66,185,,java
22966.34,184,1723.71,java
506.18,184,,java
588.6,184,,java
22796.82,180,1780.94,java
706.2,183,,java
686.37,183,,java
22899.14,186,1782.92,java
632.21,186,,java
326.45,187,,java
1271.45,187,,java
23435.52,177,1762.16,java
643.0,179,,java
882.86,179,,java
21304.04,183,1670.67,java
611.98,184,,java
651.64,184,,java
22364.34,186,1846.06,java
902.95,187,,java
327.7,187,,java
23700.87,184,1753.18,java
749.08,184,,java
332.55,184,,java
22679.74,184,1786.57,java
573.09,184,,java
589.67,185,,java
21673.39,185,1785.64,java
827.93,186,,java
548.04,186,,java
24508.5,180,1781.38,java
1087.87,183,,java
538.23,184,,java
24613.03,183,1820.35,java
743.33,184,,java
373.19,185,,java
287.31,185,,java
22164.32,183,1714.07,java
670.2,184,,java
688.99,184,,java
23517.02,179,1740.76,java
759.69,180,,java
782.71,184,,java
24309.08,178,1752.89,java
855.82,183,,java
949.21,183,,java
20709.87,177,1771.93,java
2824.87,185,,java
443.05,185,,java
24411.38,179,1858.48,java
789.4,183,,java
712.03,184,,java
23205.69,184,1775.46,java
771.07,184,,java
611.38,184,,java
22365.45,180,1776.98,java
545.57,184,,java
611.64,184,,java
24079.21,183,1790.51,java
452.75,183,,java
332.0,183,,java
23682.53,183,1795.19,java
530.78,183,,java
367.26,184,,java
22440.51,180,1776.08,java
565.7,183,,java
810.48,183,,java
25250.02,184,1744.0,java
1006.99,184,,java
784.08,185,,java
20692.07,175,1745.39,java
2927.4,184,,java
610.69,184,,java
23540.36,183,1770.59,java
830.18,184,,java
307.96,184,,java
22752.54,182,1777.21,java
632.05,183,,java
591.44,183,,java
22237.2,180,1771.96,java
687.83,181,,java
666.2,185,,java
21609.51,184,1740.26,java
645.67,184,,java
652.15,185,,java
23859.19,179,1762.37,java
829.37,183,,java
689.85,184,,java
21740.93,180,1741.22,java
645.55,183,,java
668.02,184,,java
20300.46,174,1778.68,java
3033.0,184,,java
2167.38,184,,java
22571.33,184,1794.48,java
628.27,184,,java
766.18,185,,java
20610.67,176,1734.99,java
2687.1,184,,java
752.24,185,,java
23364.31,182,1854.54,java
606.41,182,,java
648.56,182,,java
22493.58,181,1796.17,java
610.46,184,,java
506.98,184,,java
22202.34,179,1739.46,java
870.92,184,,java
528.09,184,,java
22207.64,182,1722.79,java
1096.62,184,,java
468.34,184,,java
266.83,185,,java
1481.71,185,,java
360.66,185,,java
165.8,185,,java
26156.48,184,1754.58,java
440.62,184,,java
302.03,185,,java
22355.09,180,1778.61,java
731.7,184,,java
551.17,184,,java
22391.88,180,1773.81,java
729.89,184,,java
592.64,184,,java
23055.5,182,1809.91,java
551.69,183,,java
549.09,183,,java
22433.28,183,1736.87,java
630.64,184,,java
633.4,184,,java
22680.38,179,1741.02,java
600.21,183,,java
649.04,183,,java
25108.31,185,1757.39,java
750.41,185,,java
553.45,186,,java
23992.14,179,1749.0,java
871.91,184,,java
709.06,184,,java
24769.27,185,1796.19,java
608.62,185,,java
631.49,186,,java
24267.14,183,1739.04,java
548.59,183,,java
864.83,183,,java
24939.76,180,1781.96,java
747.74,184,,java
673.52,185,,java
22358.28,180,1756.35,java
725.06,181,,java
587.67,185,,java
22538.01,179,1795.62,java
750.33,183,,java
569.13,183,,java
22018.99,176,2077.1,java
764.71,178,,java
811.18,179,,java
23955.01,178,1781.76,java
880.96,183,,java
571.87,183,,java
22395.02,179,1802.29,java
807.12,183,,java
750.87,184,,java
20704.75,184,1609.71,java
650.55,184,,java
590.78,185,,java
22222.49,178,1887.55,java
789.42,178,,java
23539.78,180,1785.85,java
906.4,184,,java
608.21,185,,java
20237.34,176,1777.01,java
2824.38,184,,java
531.87,184,,java
22354.66,181,1763.11,java
610.86,185,,java
813.21,185,,java
22641.62,183,1752.3,java
801.38,183,,java
708.33,183,,java
22619.31,184,1778.27,java
1194.39,184,,java
612.83,184,,java
22723.7,183,1793.93,java
765.17,183,,java
608.51,183,,java
21889.35,183,1803.43,java
726.23,183,,java
467.62,184,,java
22602.61,180,1771.0,java
671.34,183,,java
560.61,184,,java
22858.09,184,1747.69,java
656.41,184,,java
403.54,185,,java
22177.25,180,1753.09,java
767.93,184,,java
534.21,185,,java
23100.24,184,1777.48,java
808.08,184,,java
830.61,185,,java
23137.36,182,1800.74,java
688.21,183,,java
352.4,183,,java
24640.16,180,1773.46,java
835.43,184,,java
672.74,185,,java
22921.91,183,1746.85,java
542.75,183,,java
635.62,183,,java
20908.19,176,1718.04,java
365.25,176,,java
22598.74,178,1755.74,java
788.75,183,,java
488.65,183,,java
18252.16,173,1729.96,java
1997.11,176,,java
431.03,176,,java
23079.45,183,1803.18,java
693.52,184,,java
526.62,184,,java
23091.91,185,1789.65,java
806.39,185,,java
600.75,185,,java
24910.98,183,1770.09,java
489.9,184,,java
251.05,184,,java
22490.28,179,1819.18,java
491.68,179,,java
609.27,183,,java
25852.28,183,1811.47,java
748.36,184,,java
606.14,184,,java
22763.76,178,1775.08,java
666.06,183,,java
604.21,183,,java
20632.1,179,1817.66,java
2775.2,186,,java
456.3,187,,java
20911.75,175,1777.53,java
3067.59,183,,java
367.12,183,,java
22597.7,179,1796.9,java
824.79,184,,java
491.71,184,,java
20752.5,177,1765.76,java
2972.15,184,,java
530.58,184,,java
23818.11,185,1798.25,java
1266.83,186,,java
387.96,187,,java
20442.73,177,1762.76,java
2791.04,184,,java
859.56,184,,java
22963.35,180,1758.76,java
641.84,184,,java
684.01,184,,java
25132.38,184,1765.53,java
786.5,185,,java
371.03,186,,java
25580.8,183,1800.67,java
1011.94,184,,java
610.69,185,,java
22888.4,179,1880.77,java
761.58,179,,java
668.3,179,,java
22972.18,183,1793.6,java
607.89,184,,java
671.06,184,,java
23117.11,181,1776.62,java
674.63,183,,java
523.71,183,,java
24434.9,183,1730.76,java
809.75,184,,java
589.08,184,,java
20499.26,175,1764.45,java
3089.81,183,,java
889.88,184,,java
23015.68,182,1750.31,java
550.03,182,,java
588.87,182,,java
20302.11,175,1707.74,java
2902.76,185,,java
793.03,186,,java
477.5,81,368.53,python
121.37,82,,python
125.96,82,,python
478.78,82,371.78,python
132.02,82,,python
130.06,82,,python
615.63,82,386.01,python
129.16,82,,python
121.22,82,,python
477.72,82,360.16,python
126.5,82,,python
109.22,82,,python
520.02,82,386.09,python
130.56,82,,python
129.9,82,,python
507.27,82,393.8,python
122.79,82,,python
121.65,82,,python
276.43,83,,python
150.17,83,,python
109.27,83,,python
485.07,82,361.38,python
122.07,82,,python
129.71,82,,python
521.28,82,365.08,python
127.31,82,,python
128.55,82,,python
462.12,82,387.28,python
143.95,82,,python
129.68,82,,python
475.47,81,394.57,python
151.32,82,,python
113.09,82,,python
496.54,82,388.95,python
126.63,82,,python
122.84,82,,python
510.35,81,406.86,python
95.11,82,,python
156.16,82,,python
515.01,81,386.84,python
125.34,82,,python
129.43,82,,python
518.88,82,402.45,python
132.29,82,,python
133.66,82,,python
514.01,81,451.67,python
139.19,82,,python
128.32,82,,python
501.77,82,415.39,python
126.2,82,,python
107.79,82,,python
475.27,82,399.0,python
150.96,82,,python
130.57,82,,python
493.43,82,381.01,python
126.58,82,,python
129.4,82,,python
533.63,82,423.89,python
130.85,83,,python
129.83,83,,python
512.71,82,420.64,python
170.61,82,,python
128.29,82,,python
497.12,82,384.78,python
125.13,82,,python
133.72,82,,python
487.25,82,393.75,python
152.25,82,,python
131.53,82,,python
479.67,82,384.85,python
124.07,82,,python
138.84,82,,python
498.65,81,386.88,python
129.84,82,,python
109.29,82,,python
528.99,82,392.98,python
158.48,82,,python
126.43,82,,python
515.54,82,409.95,python
132.56,82,,python
140.59,82,,python
510.77,82,442.92,python
128.32,82,,python
148.9,82,,python
524.88,82,388.9,python
92.98,82,,python
150.02,82,,python
507.46,82,362.99,python
106.88,82,,python
145.58,82,,python
503.94,82,389.49,python
143.45,82,,python
129.08,82,,python
507.44,82,405.49,python
229.18,82,,python
133.81,82,,python
501.12,82,400.55,python
106.39,82,,python
128.36,82,,python
492.93,82,380.94,python
132.39,82,,python
111.63,82,,python
519.02,82,407.08,python
133.08,82,,python
131.26,82,,python
482.63,82,391.66,python
150.58,82,,python
93.55,82,,python
579.95,82,401.5,python
127.07,82,,python
130.45,82,,python
485.07,82,384.78,python
146.5,82,,python
128.99,82,,python
501.95,82,383.78,python
129.35,82,,python
111.17,82,,python
516.54,82,392.39,python
147.38,82,,python
150.06,82,,python
511.43,82,405.53,python
128.59,82,,python
100.99,82,,python
504.78,82,392.93,python
127.21,82,,python
126.94,82,,python
510.28,82,411.6,python
129.42,82,,python
131.98,82,,python
485.81,82,370.66,python
143.79,82,,python
131.27,82,,python
494.37,81,391.45,python
130.7,82,,python
148.32,82,,python
474.27,82,351.37,python
110.48,82,,python
124.5,82,,python
504.86,82,408.88,python
131.93,82,,python
148.27,82,,python
518.03,81,412.27,python
128.16,82,,python
131.12,82,,python
486.44,82,411.49,python
125.96,82,,python
129.27,82,,python
498.41,82,363.57,python
143.41,82,,python
105.64,82,,python
507.32,82,386.43,python
138.57,82,,python
139.17,82,,python
508.27,82,389.4,python
148.93,82,,python
131.78,82,,python
491.65,82,390.38,python
131.15,82,,python
132.66,82,,python
480.37,81,362.14,python
145.78,82,,python
130.85,82,,python
498.36,81,387.58,python
129.65,82,,python
148.05,82,,python
488.23,81,357.94,python
129.98,82,,python
129.85,82,,python
489.28,82,407.88,python
128.72,82,,python
130.04,82,,python
518.19,82,407.17,python
128.65,82,,python
109.31,82,,python
408.64,81,369.74,python
70.73,82,,python
113.99,82,,python
485.88,82,399.69,python
85.07,82,,python
128.32,82,,python
437.65,82,380.45,python
144.69,82,,python
127.95,82,,python
525.72,82,408.11,python
151.46,82,,python
130.99,82,,python
467.07,82,397.8,python
150.98,82,,python
132.33,82,,python
514.18,81,399.4,python
128.91,81,,python
126.05,82,,python
489.6,82,420.07,python
112.47,82,,python
128.68,82,,python
530.7,82,431.25,python
143.81,82,,python
137.09,82,,python
484.21,82,361.0,python
127.47,82,,python
126.97,82,,python
488.69,82,385.2,python
89.58,82,,python
112.86,82,,python
503.84,81,386.13,python
129.1,81,,python
126.96,81,,python
493.04,82,372.95,python
132.3,82,,python
113.5,82,,python
484.38,82,393.19,python
106.98,82,,python
125.55,82,,python
486.74,82,367.22,python
122.35,82,,python
149.02,82,,python
492.91,82,368.86,python
108.71,82,,python
127.44,82,,python
497.1,82,396.95,python
126.29,82,,python
132.61,82,,python
470.05,82,355.72,python
108.3,82,,python
130.92,82,,python
491.11,82,363.11,python
128.91,82,,python
125.71,82,,python
487.04,81,354.85,python
145.0,82,,python
138.43,82,,python
479.8,81,440.44,python
149.15,82,,python
129.0,82,,python
522.25,81,423.38,python
128.69,81,,python
166.1,82,,python
485.56,81,396.99,python
132.74,81,,python
128.91,82,,python
476.18,82,378.03,python
145.62,82,,python
126.45,82,,python
472.69,82,387.77,python
168.06,82,,python
111.93,82,,python
515.69,82,410.56,python
147.32,82,,python
130.94,82,,python
501.45,82,403.89,python
130.08,82,,python
250.53,82,,python
482.97,82,383.23,python
163.22,82,,python
111.89,82,,python
519.72,82,390.28,python
124.17,82,,python
125.84,82,,python
485.94,82,379.43,python
142.06,82,,python
130.7,82,,python
495.75,81,422.29,python
108.82,82,,python
150.17,82,,python
486.68,82,381.32,python
127.33,82,,python
128.23,82,,python
480.94,82,393.03,python
155.07,82,,python
161.56,82,,python
538.98,82,402.82,python
134.05,82,,python
127.01,82,,python
501.0,81,404.78,python
169.15,82,,python
132.79,82,,python
484.69,82,404.87,python
127.99,82,,python
124.9,82,,python
492.04,82,398.04,python
123.37,82,,python
93.77,82,,python
507.24,81,414.49,python
127.82,82,,python
131.29,82,,python
516.44,81,386.19,python
129.47,81,,python
130.18,81,,python
510.03,82,384.02,python
141.23,82,,python
104.58,82,,python
489.62,82,388.29,python
124.25,82,,python
129.07,82,,python
504.74,82,384.54,python
122.5,82,,python
109.08,82,,python
501.33,82,396.6,python
151.2,82,,python
152.14,82,,python
517.19,82,387.96,python
125.77,82,,python
129.52,82,,python
1010.48,81,290.31,typescript
206.65,82,,typescript
219.85,83,,typescript
976.44,82,262.85,typescript
209.87,82,,typescript
229.63,83,,typescript
1004.36,82,254.07,typescript
197.27,82,,typescript
207.81,83,,typescript
1012.81,82,270.57,typescript
220.35,83,,typescript
206.62,83,,typescript
962.55,82,267.79,typescript
225.0,82,,typescript
230.03,83,,typescript
1003.99,82,291.9,typescript
206.23,83,,typescript
221.39,83,,typescript
1015.29,82,278.51,typescript
188.97,83,,typescript
218.53,83,,typescript
989.07,82,296.27,typescript
216.96,82,,typescript
233.38,83,,typescript
974.78,82,301.6,typescript
210.15,82,,typescript
203.01,83,,typescript
963.57,82,274.69,typescript
241.66,82,,typescript
229.99,83,,typescript
973.13,82,260.0,typescript
217.74,82,,typescript
206.86,83,,typescript
949.45,82,291.43,typescript
204.41,82,,typescript
189.77,83,,typescript
983.41,82,261.66,typescript
247.94,83,,typescript
231.66,83,,typescript
972.78,82,280.39,typescript
223.08,82,,typescript
221.26,83,,typescript
998.88,82,277.87,typescript
224.48,83,,typescript
212.99,83,,typescript
923.52,82,257.68,typescript
203.16,82,,typescript
207.59,83,,typescript
948.14,82,278.66,typescript
219.89,83,,typescript
249.4,83,,typescript
1014.69,82,275.53,typescript
216.85,82,,typescript
236.34,83,,typescript
987.5,82,263.17,typescript
221.61,82,,typescript
226.86,83,,typescript
996.48,82,277.3,typescript
112.93,82,,typescript
216.38,83,,typescript
978.61,82,290.65,typescript
242.75,83,,typescript
212.0,83,,typescript
945.77,82,283.76,typescript
217.5,83,,typescript
984.08,82,288.53,typescript
231.82,83,,typescript
228.71,83,,typescript
993.76,82,268.41,typescript
219.5,82,,typescript
218.44,83,,typescript
1018.83,82,296.9,typescript
224.01,82,,typescript
225.95,83,,typescript
987.33,82,282.77,typescript
210.55,83,,typescript
222.44,83,,typescript
986.58,82,275.34,typescript
227.91,82,,typescript
212.15,83,,typescript
964.76,81,260.38,typescript
211.01,82,,typescript
220.2,83,,typescript
1083.09,82,282.85,typescript
214.63,82,,typescript
202.04,83,,typescript
1022.55,82,272.83,typescript
212.17,82,,typescript
254.32,83,,typescript
1009.39,82,287.46,typescript
220.57,83,,typescript
227.27,83,,typescript
986.38,82,311.04,typescript
228.06,82,,typescript
221.33,83,,typescript
953.44,81,268.43,typescript
234.02,82,,typescript
197.99,83,,typescript
995.74,82,274.63,typescript
189.47,83,,typescript
202.54,83,,typescript
1034.29,82,281.86,typescript
221.03,82,,typescript
227.48,83,,typescript
974.85,82,266.54,typescript
201.1,83,,typescript
234.85,83,,typescript
953.17,82,261.34,typescript
221.73,82,,typescript
195.55,83,,typescript
969.66,82,267.44,typescript
219.37,82,,typescript
211.91,83,,typescript
949.56,82,284.49,typescript
260.88,83,,typescript
212.17,83,,typescript
998.62,82,299.03,typescript
231.82,82,,typescript
224.02,83,,typescript
964.35,82,258.1,typescript
207.3,82,,typescript
192.6,83,,typescript
992.03,82,258.27,typescript
223.45,82,,typescript
286.91,83,,typescript
986.58,81,263.78,typescript
200.58,82,,typescript
288.31,82,,typescript
1003.17,82,262.63,typescript
203.48,82,,typescript
221.41,83,,typescript
976.77,82,261.27,typescript
225.96,83,,typescript
217.34,83,,typescript
1041.45,82,289.19,typescript
227.72,82,,typescript
219.63,83,,typescript
1006.58,82,275.87,typescript
201.71,82,,typescript
248.48,83,,typescript
1012.11,82,267.85,typescript
217.97,82,,typescript
204.07,83,,typescript
996.5,82,253.61,typescript
222.99,82,,typescript
264.72,83,,typescript
1012.52,82,297.15,typescript
205.62,82,,typescript
191.4,83,,typescript
1011.5,81,286.09,typescript
202.64,82,,typescript
210.16,82,,typescript
966.11,82,271.43,typescript
230.82,83,,typescript
223.24,83,,typescript
999.51,82,270.41,typescript
204.83,82,,typescript
223.47,83,,typescript
992.73,82,273.02,typescript
179.85,82,,typescript
230.79,83,,typescript
1018.34,82,275.63,typescript
201.63,83,,typescript
577.46,83,,typescript
981.79,82,270.77,typescript
217.58,82,,typescript
213.87,83,,typescript
578.7,84,,typescript
997.9,81,273.88,typescript
203.74,82,,typescript
196.77,83,,typescript
958.49,82,259.16,typescript
211.29,82,,typescript
205.55,83,,typescript
1012.91,81,276.8,typescript
218.57,82,,typescript
239.54,83,,typescript
1015.96,82,309.74,typescript
256.47,83,,typescript
230.36,83,,typescript
1006.13,82,294.57,typescript
188.93,82,,typescript
228.36,83,,typescript
966.35,82,261.55,typescript
223.35,82,,typescript
215.67,83,,typescript
991.25,82,285.71,typescript
211.56,82,,typescript
236.64,83,,typescript
989.83,82,278.52,typescript
226.73,82,,typescript
217.23,83,,typescript
1015.01,82,282.41,typescript
227.05,82,,typescript
220.31,83,,typescript
1014.41,82,262.77,typescript
211.44,83,,typescript
245.44,83,,typescript
947.49,82,263.13,typescript
218.58,82,,typescript
222.24,83,,typescript
952.52,82,269.26,typescript
250.85,82,,typescript
229.4,83,,typescript
987.53,82,258.89,typescript
202.97,82,,typescript
292.07,83,,typescript
992.27,81,265.75,typescript
195.99,82,,typescript
243.44,83,,typescript
967.71,82,256.72,typescript
212.61,82,,typescript
230.12,83,,typescript
984.06,82,265.9,typescript
196.05,82,,typescript
224.71,83,,typescript
986.09,82,284.28,typescript
217.89,82,,typescript
230.74,83,,typescript
956.12,82,261.97,typescript
223.95,82,,typescript
230.78,83,,typescript
992.47,82,280.57,typescript
195.87,82,,typescript
202.53,83,,typescript
991.44,82,281.11,typescript
199.23,82,,typescript
207.89,83,,typescript
994.8,82,287.22,typescript
222.13,82,,typescript
251.57,83,,typescript
998.8,81,276.71,typescript
209.84,82,,typescript
219.7,83,,typescript
969.27,82,272.98,typescript
237.57,82,,typescript
227.84,83,,typescript
596.49,84,,typescript
211.29,85,,typescript
216.14,85,,typescript
1003.91,82,272.64,typescript
238.73,82,,typescript
235.38,83,,typescript
874.04,82,268.78,typescript
201.72,82,,typescript
212.94,83,,typescript
1019.0,82,271.25,typescript
255.53,82,,typescript
240.62,83,,typescript
954.93,82,271.34,typescript
209.82,83,,typescript
229.33,83,,typescript
1014.01,82,280.33,typescript
197.09,82,,typescript
205.69,83,,typescript
993.18,82,286.11,typescript
209.09,82,,typescript
226.26,82,,typescript
954.31,82,267.45,typescript
212.32,82,,typescript
220.59,83,,typescript
992.79,82,292.76,typescript
221.74,83,,typescript
219.84,83,,typescript
943.4,82,258.28,typescript
199.59,82,,typescript
214.69,83,,typescript
1014.07,82,281.26,typescript
201.09,82,,typescript
243.38,83,,typescript
1004.81,82,313.01,typescript
214.9,82,,typescript
217.48,83,,typescript
743.41,82,286.19,typescript
224.53,83,,typescript
206.31,83,,typescript
971.87,82,272.28,typescript
195.45,82,,typescript
205.1,83,,typescript
982.42,82,270.12,typescript
218.01,82,,typescript
206.82,83,,typescript
995.28,82,281.31,typescript
229.61,82,,typescript
220.53,83,,typescript
1035.06,82,302.12,typescript
214.17,82,,typescript
236.44,83,,typescript
981.82,82,256.31,typescript
208.74,83,,typescript
212.91,83,,typescript
982.27,82,264.54,typescript
217.64,82,,typescript
224.96,83,,typescript
999.25,82,270.55,typescript
211.7,82,,typescript
199.12,83,,typescript
962.85,82,263.44,typescript
211.22,82,,typescript
195.03,83,,typescript
991.22,82,279.88,typescript
234.33,82,,typescript
217.72,83,,typescript
